Workbook

Sheet Raw Data
A1: ResponseID | B1: Department | C1: TrialWeek | D1: ResponseDate | E1: SatisfactionScore (1-5) | F1: TimeSavedHrsPerWeek | G1: AdoptionStatus | H1: FeedbackTheme | I1: Comment
A2: 1 | B2: IT | C2: 1 | D2: 46213 | E2: 3 | F2: 2.2 | G2: Trial Only | H2: Ease of Use | I2: Easier to use than I expected.
A3: 2 | B3: IT | C3: 1 | D3: 46213 | E3: 3 | F3: 1.7 | G3: Trial Only | H3: Time Savings | I3: Helped me get through routine tasks faster.
A4: 3 | B4: IT | C4: 1 | D4: 46212 | E4: 3 | F4: 0.1 | G4: Trial Only | H4: Training Needed | I4: Would benefit from a short training session.
A5: 4 | B5: HR | C5: 1 | D5: 46211 | E5: 4 | F5: 1.7 | G5: Stopped Using | H5: Training Needed | I5: Not sure I'm using all the features available.
A6: 5 | B6: Finance | C6: 2 | D6: 46218 | E6: 3 | F6: 2.2 | G6: Stopped Using | H6: Ease of Use | I6: Took a bit to get used to the interface.
A7: 6 | B7: HR | C7: 2 | D7: 46220 | E7: 3 | F7: 0.6 | G7: Stopped Using | H7: Training Needed | I7: Would benefit from a short training session.
A8: 7 | B8: HR | C8: 2 | D8: 46216 | E8: 2 | F8: 0.5 | G8: Stopped Using | H8: Integration Issues | I8: Doesn't always play well with our older systems.
A9: 8 | B9: IT | C9: 2 | D9: 46219 | E9: 3 | F9: 0 | G9: Trial Only | H9: Time Savings | I9: Cut my email drafting time significantly.
A10: 9 | B10: HR | C10: 2 | D10: 46218 | E10: 3 | F10: 1.3 | G10: Trial Only | H10: Accuracy | I10: Sometimes gives generic answers that need editing.
A11: 10 | B11: Finance | C11: 3 | D11: 46227 | E11: 3 | F11: 3.1 | G11: Trial Only | H11: Accuracy | I11: Impressed by how relevant the suggestions were.
A12: 11 | B12: Finance | C12: 3 | D12: 46225 | E12: 4 | F12: 0.5 | G12: Trial Only | H12: Time Savings | I12: Cut my email drafting time significantly.
A13: 12 | B13: Operations | C13: 3 | D13: 46226 | E13: 4 | F13: 4.3 | G13: Using Regularly | H13: Accuracy | I13: Sometimes gives generic answers that need editing.
... A41: 40 | B41: HR | C41: 8 | D41: 46261 | E41: 5 | F41: 4.2 | G41: Stopped Using | H41: Time Savings | I41: Saved real time on weekly report summaries.

Sheet Dashboard
B2: Copilot Trial — Feedback & Adoption Dashboard
B3: 8-week trial · simulated feedback data for demonstration purposes
B5: Total Responses | D5: Average Satisfaction (1-5) | F5: Avg. Time Saved (hrs/wk) | H5: % Using Regularly
B6: =COUNTA('Raw Data'!A2:A41) -> 40 | D6: =ROUND(AVERAGE('Raw Data'!E2:E41),2) -> 3.73 | F6: =ROUND(AVERAGE('Raw Data'!F2:F41),2) -> 2.06 | H6: =ROUND(COUNTIF('Raw Data'!G2:G41,"Using Regularly")/COUNTA('Raw Data'!G2:G41),3) -> 0.35
B10: By Department
B11: Department | C11: Avg Satisfaction | D11: Avg Time Saved (hrs/wk) | E11: Responses
B12: IT | C12: =ROUND(AVERAGEIF('Raw Data'!$B$2:$B$41,$B12,'Raw Data'!$E$2:$E$41),2) -> 3.54 | D12: =ROUND(AVERAGEIF('Raw Data'!$B$2:$B$41,$B12,'Raw Data'!$F$2:$F$41),2) -> 2 | E12: =COUNTIF('Raw Data'!$B$2:$B$41,$B12) -> 13
B13: Finance | C13: =ROUND(AVERAGEIF('Raw Data'!$B$2:$B$41,$B13,'Raw Data'!$E$2:$E$41),2) -> 3.82 | D13: =ROUND(AVERAGEIF('Raw Data'!$B$2:$B$41,$B13,'Raw Data'!$F$2:$F$41),2) -> 2.17 | E13: =COUNTIF('Raw Data'!$B$2:$B$41,$B13) -> 11
B14: HR | C14: =ROUND(AVERAGEIF('Raw Data'!$B$2:$B$41,$B14,'Raw Data'!$E$2:$E$41),2) -> 3.43 | D14: =ROUND(AVERAGEIF('Raw Data'!$B$2:$B$41,$B14,'Raw Data'!$F$2:$F$41),2) -> 1.83 | E14: =COUNTIF('Raw Data'!$B$2:$B$41,$B14) -> 7
B15: Operations | C15: =ROUND(AVERAGEIF('Raw Data'!$B$2:$B$41,$B15,'Raw Data'!$E$2:$E$41),2) -> 4.11 | D15: =ROUND(AVERAGEIF('Raw Data'!$B$2:$B$41,$B15,'Raw Data'!$F$2:$F$41),2) -> 2.17 | E15: =COUNTIF('Raw Data'!$B$2:$B$41,$B15) -> 9
B17: Weekly Trend
B18: Trial Week | C18: Avg Satisfaction | D18: Using Regularly (%)
B19: 1 | C19: =ROUND(AVERAGEIF('Raw Data'!$C$2:$C$41,$B19,'Raw Data'!$E$2:$E$41),2) -> 3.25 | D19: =ROUND(COUNTIFS('Raw Data'!$C$2:$C$41,$B19,'Raw Data'!$G$2:$G$41,"Using Regularly")/COUNTIF('Raw Data'!$C$2:$C$41,$B19),3) -> 0
B20: 2 | C20: =ROUND(AVERAGEIF('Raw Data'!$C$2:$C$41,$B20,'Raw Data'!$E$2:$E$41),2) -> 2.8 | D20: =ROUND(COUNTIFS('Raw Data'!$C$2:$C$41,$B20,'Raw Data'!$G$2:$G$41,"Using Regularly")/COUNTIF('Raw Data'!$C$2:$C$41,$B20),3) -> 0
B21: 3 | C21: =ROUND(AVERAGEIF('Raw Data'!$C$2:$C$41,$B21,'Raw Data'!$E$2:$E$41),2) -> 3.5 | D21: =ROUND(COUNTIFS('Raw Data'!$C$2:$C$41,$B21,'Raw Data'!$G$2:$G$41,"Using Regularly")/COUNTIF('Raw Data'!$C$2:$C$41,$B21),3) -> 0.25
B22: 4 | C22: =ROUND(AVERAGEIF('Raw Data'!$C$2:$C$41,$B22,'Raw Data'!$E$2:$E$41),2) -> 3.5 | D22: =ROUND(COUNTIFS('Raw Data'!$C$2:$C$41,$B22,'Raw Data'!$G$2:$G$41,"Using Regularly")/COUNTIF('Raw Data'!$C$2:$C$41,$B22),3) -> 0.333
B23: 5 | C23: =ROUND(AVERAGEIF('Raw Data'!$C$2:$C$41,$B23,'Raw Data'!$E$2:$E$41),2) -> 4 | D23: =ROUND(COUNTIFS('Raw Data'!$C$2:$C$41,$B23,'Raw Data'!$G$2:$G$41,"Using Regularly")/COUNTIF('Raw Data'!$C$2:$C$41,$B23),3) -> 0.333
B24: 6 | C24: =ROUND(AVERAGEIF('Raw Data'!$C$2:$C$41,$B24,'Raw Data'!$E$2:$E$41),2) -> 3.8 | D24: =ROUND(COUNTIFS('Raw Data'!$C$2:$C$41,$B24,'Raw Data'!$G$2:$G$41,"Using Regularly")/COUNTIF('Raw Data'!$C$2:$C$41,$B24),3) -> 0.6
B25: 7 | C25: =ROUND(AVERAGEIF('Raw Data'!$C$2:$C$41,$B25,'Raw Data'!$E$2:$E$41),2) -> 4.33 | D25: =ROUND(COUNTIFS('Raw Data'!$C$2:$C$41,$B25,'Raw Data'!$G$2:$G$41,"Using Regularly")/COUNTIF('Raw Data'!$C$2:$C$41,$B25),3) -> 0.667
B26: 8 | C26: =ROUND(AVERAGEIF('Raw Data'!$C$2:$C$41,$B26,'Raw Data'!$E$2:$E$41),2) -> 4.5 | D26: =ROUND(COUNTIFS('Raw Data'!$C$2:$C$41,$B26,'Raw Data'!$G$2:$G$41,"Using Regularly")/COUNTIF('Raw Data'!$C$2:$C$41,$B26),3) -> 0.5
B28: Feedback Themes
B29: Theme | C29: Mentions
B30: Ease of Use | C30: =COUNTIF('Raw Data'!$H$2:$H$41,$B30) -> 6
B31: Time Savings | C31: =COUNTIF('Raw Data'!$H$2:$H$41,$B31) -> 11
B32: Accuracy | C32: =COUNTIF('Raw Data'!$H$2:$H$41,$B32) -> 8
B33: Training Needed | C33: =COUNTIF('Raw Data'!$H$2:$H$41,$B33) -> 6
B34: Integration Issues | C34: =COUNTIF('Raw Data'!$H$2:$H$41,$B34) -> 9

Sheet README
B2: Copilot Trial Feedback & Metrics Dashboard
B4: What this is:
B5: A simulated dataset and analysis workbook modeling how a generative AI Copilot
B6: adoption trial could be evaluated -- collecting user feedback, tracking adoption
B7: over time, and turning it into metrics a project team could act on.
B9: Note on the data:
B10: All responses in the 'Raw Data' sheet are randomly generated for demonstration --
B11: they do not represent a real trial or real people. The formulas and structure are
B12: built to work the same way on real survey exports.
B14: How it maps to a Copilot adoption evaluation role:
B15: - Raw Data: one row per feedback response (department, week, score, adoption
B16: status, theme, comment) -- the kind of export you'd get from Microsoft Forms
... B31: on the Dashboard sheet.
